{
  "trial_id": "0099_cylinder_screwdriver_v3009_llm_lie_x-0p150_y-0p080",
  "object_name": "cylinder_screwdriver_v3009",
  "task_name": "spin_vertical",
  "mode": "llm_lie",
  "seed": 0,
  "target_xy": [
    -0.15,
    -0.08
  ],
  "resolved_baseline_object": "long_screwdriver",
  "pivot_point": [
    -0.08121582760511159,
    0.04770862987737767,
    0.5819587969799858
  ],
  "compile_success": true,
  "validation_success": true,
  "num_waypoints": 9,
  "goals": [
    [
      -0.15,
      -0.08,
      0.74591023,
      0.0,
      0.7071067811865476,
      0.0,
      0.7071067811865476
    ],
    [
      -0.15,
      -0.08,
      0.74591023,
      0.2705980500730985,
      0.6532814824381883,
      -0.2705980500730985,
      0.6532814824381883
    ],
    [
      -0.15,
      -0.08,
      0.74591023,
      0.49999999999999994,
      0.5000000000000001,
      -0.49999999999999994,
      0.5000000000000001
    ],
    [
      -0.15,
      -0.08,
      0.74591023,
      0.6532814824381883,
      0.27059805007309856,
      -0.6532814824381883,
      0.27059805007309856
    ],
    [
      -0.15,
      -0.08,
      0.74591023,
      0.7071067811865476,
      4.3297802811774664e-17,
      -0.7071067811865476,
      4.3297802811774664e-17
    ],
    [
      -0.15,
      -0.08,
      0.74591023,
      0.6532814824381883,
      -0.2705980500730985,
      -0.6532814824381883,
      -0.2705980500730985
    ],
    [
      -0.15,
      -0.08,
      0.74591023,
      0.5000000000000001,
      -0.49999999999999994,
      -0.5000000000000001,
      -0.49999999999999994
    ],
    [
      -0.15,
      -0.08,
      0.74591023,
      0.2705980500730986,
      -0.6532814824381883,
      -0.2705980500730986,
      -0.6532814824381883
    ],
    [
      -0.15,
      -0.08,
      0.74591023,
      8.659560562354933e-17,
      -0.7071067811865476,
      -8.659560562354933e-17,
      -0.7071067811865476
    ]
  ],
  "generation_context": {},
  "clamp_summary": {
    "enabled": true,
    "applied": false,
    "clamp_z": false,
    "target_volume_mins": [
      -0.35,
      -0.2,
      0.6
    ],
    "target_volume_maxs": [
      0.35,
      0.2,
      0.95
    ],
    "corrected_indices": [],
    "original_positions": [],
    "corrected_positions": [],
    "step_delta_summary": {
      "max_step_translation_m": 0.0,
      "mean_step_translation_m": 0.0,
      "max_step_rotation_deg": 44.99999062831112,
      "mean_step_rotation_deg": 44.999990628311124
    }
  },
  "resampling_summary": {
    "enabled": true,
    "applied": false,
    "pos_scale_m": 0.03,
    "rot_scale_deg": 15.0,
    "target_cost": 1.0,
    "min_waypoints": 4,
    "original_waypoint_count": 9,
    "resampled_waypoint_count": 9,
    "step_delta_summary": {
      "max_step_translation_m": 0.0,
      "mean_step_translation_m": 0.0,
      "max_step_rotation_deg": 44.99999062831112,
      "mean_step_rotation_deg": 44.999990628311124
    }
  },
  "metrics": {
    "requested_target_xy": [
      -0.15,
      -0.08
    ],
    "step_delta_summary": {},
    "tool_family": "screwdriver",
    "semantic_contact_point_xy_error_m": 0.0,
    "screwdriver_max_primary_axis_tilt_deg": 0.0,
    "screwdriver_twist_angle_span_deg": 360.0
  },
  "error": null,
  "replay_artifact_path": "geometry/replay/trials/0099_cylinder_screwdriver_v3009_llm_lie_x-0p150_y-0p080.json"
}