{
    "avg_goal_pct": 78.94736842105263,
    "avg_time_sec": 5.116666666666666,
    "episode_goal_pcts": [
        78.94736842105263
    ],
    "episode_lengths": [
        307
    ],
    "trace_path": "experiments/results/thesis_main_6obj_v2/execution/artifacts/0008_mallet_hammer_llm_lie_x-0p350_y+0p200/trace.json"
}