{
  "trial_id": "0005_claw_hammer_llm_only",
  "object_name": "claw_hammer",
  "task_name": "swing_down",
  "mode": "llm_only",
  "seed": 0,
  "target_xy": null,
  "resolved_baseline_object": "claw_hammer",
  "pivot_point": null,
  "compile_success": true,
  "validation_success": true,
  "num_waypoints": 8,
  "goals": [
    [
      0.075,
      0.0,
      0.53,
      0.0,
      -0.7071067811865476,
      0.0,
      0.7071067811865476
    ],
    [
      0.055,
      -0.07,
      0.51,
      0.0,
      -0.7071067811865476,
      0.0,
      0.7071067811865476
    ],
    [
      0.035,
      -0.13,
      0.49,
      0.0,
      -0.7071067811865476,
      0.0,
      0.7071067811865476
    ],
    [
      0.02,
      -0.16,
      0.475,
      0.0,
      -0.7071067811865476,
      0.0,
      0.7071067811865476
    ],
    [
      0.01,
      -0.16,
      0.465,
      0.0,
      -0.7071067811865476,
      0.0,
      0.7071067811865476
    ],
    [
      0.0,
      -0.15,
      0.455,
      0.0,
      -0.7071067811865476,
      0.0,
      0.7071067811865476
    ],
    [
      -0.01,
      -0.13,
      0.45,
      0.0,
      -0.7071067811865476,
      0.0,
      0.7071067811865476
    ],
    [
      -0.02,
      -0.1,
      0.45,
      0.0,
      -0.7071067811865476,
      0.0,
      0.7071067811865476
    ]
  ],
  "clamp_summary": {},
  "resampling_summary": {},
  "metrics": {
    "mean_translation_error_m": 0.28981656715267295,
    "max_translation_error_m": 0.3660884738230878,
    "mean_rotation_error_deg": 92.45084338310924,
    "max_rotation_error_deg": 114.19160421386177,
    "reference_path_length_m": 1.0647205635790191,
    "candidate_path_length_m": 0.3472947740362662,
    "path_length_ratio": 0.326183964052359,
    "sample_count": 38.0
  },
  "error": null
}