{
  "trial_id": "0023_long_screwdriver_llm_only",
  "object_name": "long_screwdriver",
  "task_name": "spin_vertical",
  "mode": "llm_only",
  "seed": 0,
  "target_xy": null,
  "resolved_baseline_object": "long_screwdriver",
  "pivot_point": null,
  "compile_success": true,
  "validation_success": true,
  "num_waypoints": 5,
  "goals": [
    [
      -0.05,
      0.06,
      0.55,
      0.8482206031424254,
      -0.21953945022509835,
      -0.429099834530874,
      0.21953945022509835
    ],
    [
      -0.02,
      0.03,
      0.53,
      0.6894293534848244,
      -0.39395963056275685,
      -0.5416944920237907,
      0.2757717413939298
    ],
    [
      0.01,
      0.01,
      0.52,
      0.542748475882559,
      -0.6118255546312482,
      -0.49340770534778083,
      0.2960446232086685
    ],
    [
      0.03,
      -0.02,
      0.51,
      0.35038563641687137,
      -0.7808594183004562,
      -0.35038563641687137,
      0.38041869096688896
    ],
    [
      0.04,
      -0.04,
      0.5,
      0.10009513558970072,
      -0.9008562203073064,
      -0.10009513558970072,
      0.4103900559177729
    ]
  ],
  "clamp_summary": {},
  "resampling_summary": {},
  "metrics": {
    "mean_translation_error_m": 0.25021172582814466,
    "max_translation_error_m": 0.3139824839338023,
    "mean_rotation_error_deg": 106.96729319157811,
    "max_rotation_error_deg": 179.82365376391317,
    "reference_path_length_m": 0.768259752074074,
    "candidate_path_length_m": 0.18632826787237058,
    "path_length_ratio": 0.2425329029268283,
    "sample_count": 101.0
  },
  "error": null
}