{
  "trial_id": "0029_short_screwdriver_llm_only",
  "object_name": "short_screwdriver",
  "task_name": "spin_vertical",
  "mode": "llm_only",
  "seed": 0,
  "target_xy": null,
  "resolved_baseline_object": "short_screwdriver",
  "pivot_point": null,
  "compile_success": true,
  "validation_success": true,
  "num_waypoints": 6,
  "goals": [
    [
      -0.08,
      0.03,
      0.53,
      0.15006236387097532,
      0.0,
      -0.05002078795699178,
      0.9874103542710178
    ],
    [
      -0.078,
      -0.01,
      0.51,
      0.19995161756211677,
      -0.019995161756211677,
      -0.05998548526863503,
      0.977763409878751
    ],
    [
      -0.075,
      -0.04,
      0.495,
      0.2503010428891972,
      -0.030036125146703656,
      -0.07008429200897522,
      0.9651608213807441
    ],
    [
      -0.072,
      -0.07,
      0.48,
      0.2997902202430648,
      -0.04996503670717747,
      -0.07994405873148394,
      0.9493356974363717
    ],
    [
      -0.068,
      -0.095,
      0.47,
      0.3501576063922972,
      -0.06002701823867952,
      -0.09004052735801929,
      0.9304187826995327
    ],
    [
      -0.065,
      -0.12,
      0.46,
      0.3975968318616668,
      -0.06957944557579168,
      -0.0993992079654167,
      0.9095027528835627
    ]
  ],
  "clamp_summary": {},
  "resampling_summary": {},
  "metrics": {
    "mean_translation_error_m": 0.21938254881899885,
    "max_translation_error_m": 0.261309303177058,
    "mean_rotation_error_deg": 106.756752074737,
    "max_rotation_error_deg": 178.95875661221058,
    "reference_path_length_m": 0.5576316390668257,
    "candidate_path_length_m": 0.21276042051472613,
    "path_length_ratio": 0.3815429498777584,
    "sample_count": 77.0
  },
  "error": null
}