{
  "trial_id": "0035_cylinder_screwdriver_v3009_llm_only",
  "object_name": "cylinder_screwdriver_v3009",
  "task_name": "spin_vertical",
  "mode": "llm_only",
  "seed": 0,
  "target_xy": null,
  "resolved_baseline_object": "long_screwdriver",
  "pivot_point": null,
  "compile_success": true,
  "validation_success": true,
  "num_waypoints": 3,
  "goals": [
    [
      -0.05,
      0.02,
      0.53,
      0.7071067811865476,
      0.0,
      -0.7071067811865476,
      0.0
    ],
    [
      -0.02,
      -0.01,
      0.5,
      0.502518907629606,
      0.0,
      -0.7035264706814484,
      0.502518907629606
    ],
    [
      0.0,
      -0.04574792165983691,
      0.48,
      0.0,
      0.0,
      -1.0,
      0.0
    ]
  ],
  "clamp_summary": {},
  "resampling_summary": {},
  "metrics": {
    "mean_translation_error_m": 0.2523548656732407,
    "max_translation_error_m": 0.30959353993035854,
    "mean_rotation_error_deg": 83.82217412939798,
    "max_rotation_error_deg": 174.39027997763318,
    "reference_path_length_m": 0.768259752074074,
    "candidate_path_length_m": 0.15671067173052836,
    "path_length_ratio": 0.20398136347434043,
    "sample_count": 101.0
  },
  "error": null
}