{
    "avg_goal_pct": 22.22222222222222,
    "avg_time_sec": 4.116666666666666,
    "episode_goal_pcts": [
        22.22222222222222
    ],
    "episode_lengths": [
        247
    ]
}