{
    "avg_goal_pct": 66.66666666666667,
    "avg_time_sec": 10.416666666666666,
    "episode_goal_pcts": [
        66.66666666666667
    ],
    "episode_lengths": [
        625
    ],
    "trace_path": "experiments/results/thesis_main_6obj_v2_2026-04-14_fullrerun/execution/artifacts/0011_mallet_hammer_llm_lie_x+0p350_y-0p200_pretrained/trace.json"
}