{
    "avg_goal_pct": 33.333333333333336,
    "avg_time_sec": 4.216666666666667,
    "episode_goal_pcts": [
        33.333333333333336
    ],
    "episode_lengths": [
        253
    ],
    "trace_path": "experiments/results/thesis_main_v3/execution/artifacts/0053_cuboid_hammer_v014_llm_only_x+0p350_y+0p000_pretrained/trace.json"
}